<nodeDefs> 
   <nodeDef id="teslapw" nls="nlsteslapw">
      <editors />
      <sts>
         <st id="GV1" editor="CTRL_1" />
      </sts>
      <cmds>
         <sends>
            <cmd id="DON" /> 
            <cmd id="DOF" /> 
         </sends>
         <accepts>
         </accepts>
      </cmds>
   </nodeDef> 
   <nodeDef id="pwstatus" nls="nlspwstatus">
      <editors />
      <sts>
         <st id="GV1" editor="PWSTATUS1" />
         <st id="GV2" editor="PWSTATUS2" />
         <st id="GV3" editor="PWSTATUS3" />
         <st id="GV4" editor="PWSTATUS4" />
         <st id="GV5" editor="PWSTATUS5" />
         <st id="GV6" editor="PWSTATUS6" />
         <st id="GV7" editor="PWSTATUS7" />
         <st id="GV8" editor="PWSTATUS8" />
         <st id="GV9" editor="PWSTATUS9" />
         <st id="GV10" editor="PWSTATUS10" />
         <st id="GV11" editor="PWSTATUS11" />
         <st id="GV12" editor="PWSTATUS12" />
         <st id="GV13" editor="PWSTATUS13" />
      </sts>
      <cmds>
         <sends>
         </sends>
         <accepts>
            <cmd id="UPDATE" /> 
         </accepts>
      </cmds>
   </nodeDef> 
</nodeDefs> 
