<editors> 
  <editor id = "CTRL_1" > 
     <range  uom="25" subset="0-1" nls="CTRL_1" />
</editor>
  <editor id = "PWSTATUS1" > 
     <range  uom="33" min="-20" max="20" prec="2" />
</editor>
  <editor id = "PWSTATUS2" > 
     <range  uom="33" min="-100" max="-100" prec="2" />
</editor>
  <editor id = "PWSTATUS3" > 
     <range  uom="33" min="-100" max="100" prec="2" />
</editor>
  <editor id = "PWSTATUS4" > 
     <range  uom="33" min="-100" max="100" prec="2" />
</editor>
  <editor id = "PWSTATUS5" > 
     <range  uom="33" min="-100" max="100" prec="2" />
</editor>
  <editor id = "PWSTATUS6" > 
     <range  uom="33" min="-100" max="100" prec="2" />
</editor>
  <editor id = "PWSTATUS7" > 
     <range  uom="33" min="-100" max="100" prec="1" />
</editor>
  <editor id = "PWSTATUS8" > 
     <range  uom="33" min="-100" max="100" prec="2" />
</editor>
  <editor id = "PWSTATUS9" > 
     <range  uom="33" min="-100" max="100" prec="2" />
</editor>
  <editor id = "PWSTATUS10" > 
     <range  uom="51" min="0" max="100" prec="2" />
</editor>
  <editor id = "PWSTATUS11" > 
     <range  uom="25" subset="0-3" nls="PWSTATUS11" />
</editor>
  <editor id = "PWSTATUS12" > 
     <range  uom="25" subset="0-3" nls="PWSTATUS12" />
</editor>
  <editor id = "PWSTATUS13" > 
     <range  uom="25" subset="0-1" nls="PWSTATUS13" />
</editor>
</editors> 
